source_list,action,scope,ingredient,cas,usage,criteria,source_code,source_version,source_date
MITIGATE_RISK,REQUIERE_MITIGACION,ROLE_CONFIRMATION_REQUIRED,"1,3-Dicloropropeno",542-75-6,Fum,EPP; Riesgo acuático; Vida silvestre; Polinizadores; Espectador,A-07-SCRL-B-FA,1.4,
MITIGATE_RISK,REQUIERE_MITIGACION,ROLE_CONFIRMATION_REQUIRED,"2,4-D, 2-Etilhexil éster",1928-43-4,H,EPP; Riesgo acuático,A-07-SCRL-B-FA,1.4,
MITIGATE_RISK,REQUIERE_MITIGACION,ROLE_CONFIRMATION_REQUIRED,"2,4-D, isooctil éster",53404-37-8,H,EPP; Riesgo acuático,A-07-SCRL-B-FA,1.4,
MITIGATE_RISK,REQUIERE_MITIGACION,ROLE_CONFIRMATION_REQUIRED,Acefato,30560-19-1,"I, A",EPP; Vida silvestre; Polinizadores,A-07-SCRL-B-FA,1.4,
MITIGATE_RISK,REQUIERE_MITIGACION,ROLE_CONFIRMATION_REQUIRED,Acequinocilo,57960-19-7,"I, A",Riesgo acuático,A-07-SCRL-B-FA,1.4,
MITIGATE_RISK,REQUIERE_MITIGACION,ROLE_CONFIRMATION_REQUIRED,Acetamiprid,135410-20-7,"I, A",Riesgo acuático,A-07-SCRL-B-FA,1.4,
MITIGATE_RISK,REQUIERE_MITIGACION,ROLE_CONFIRMATION_REQUIRED,"Acifluorfen, sal sódica",62476-59-9,H,EPP; Vida silvestre,A-07-SCRL-B-FA,1.4,
MITIGATE_RISK,REQUIERE_MITIGACION,ROLE_CONFIRMATION_REQUIRED,Amitraz,33089-61-1,"I, A",EPP; Espectador,A-07-SCRL-B-FA,1.4,
MITIGATE_RISK,REQUIERE_MITIGACION,ROLE_CONFIRMATION_REQUIRED,Anilazina,101-05-3,Fun,Riesgo acuático,A-07-SCRL-B-FA,1.4,
MITIGATE_RISK,REQUIERE_MITIGACION,ROLE_CONFIRMATION_REQUIRED,Azoxistrobina,131860-33-8,Fun,Riesgo acuático,A-07-SCRL-B-FA,1.4,
MITIGATE_RISK,REQUIERE_MITIGACION,ROLE_CONFIRMATION_REQUIRED,Bendiocarb,22781-23-3,"I, A",EPP; Riesgo acuático; Vida silvestre; Polinizadores; Espectador,A-07-SCRL-B-FA,1.4,
MITIGATE_RISK,REQUIERE_MITIGACION,ROLE_CONFIRMATION_REQUIRED,Benfluralina,1861-40-1,H,Vida silvestre,A-07-SCRL-B-FA,1.4,
MITIGATE_RISK,REQUIERE_MITIGACION,ROLE_CONFIRMATION_REQUIRED,Benfuracarb,82560-54-1,"I, A",EPP; Riesgo acuático; Vida silvestre; Polinizadores,A-07-SCRL-B-FA,1.4,
MITIGATE_RISK,REQUIERE_MITIGACION,ROLE_CONFIRMATION_REQUIRED,Bensulida,741-58-2,H,EPP; Riesgo acuático; Vida silvestre; Espectador,A-07-SCRL-B-FA,1.4,
MITIGATE_RISK,REQUIERE_MITIGACION,ROLE_CONFIRMATION_REQUIRED,"Bentazona, sal sódica",50723-80-3,H,EPP; Vida silvestre; Espectador,A-07-SCRL-B-FA,1.4,
MITIGATE_RISK,REQUIERE_MITIGACION,ROLE_CONFIRMATION_REQUIRED,Bifentrina,82657-04-3,"I, A",Riesgo acuático; Polinizadores,A-07-SCRL-B-FA,1.4,
MITIGATE_RISK,REQUIERE_MITIGACION,ROLE_CONFIRMATION_REQUIRED,Bromacilo,314-40-9,H,EPP; Riesgo acuático,A-07-SCRL-B-FA,1.4,
MITIGATE_RISK,REQUIERE_MITIGACION,ROLE_CONFIRMATION_REQUIRED,Captán,133-06-2,Fun,EPP; Polinizadores,A-07-SCRL-B-FA,1.4,
MITIGATE_RISK,REQUIERE_MITIGACION,ROLE_CONFIRMATION_REQUIRED,Carbarilo,63-25-2,"I, A",EPP; Riesgo acuático; Vida silvestre; Polinizadores,A-07-SCRL-B-FA,1.4,
MITIGATE_RISK,REQUIERE_MITIGACION,ROLE_CONFIRMATION_REQUIRED,Cartap,15263-53-3,"I, A",EPP; Riesgo acuático; Polinizadores,A-07-SCRL-B-FA,1.4,
MITIGATE_RISK,REQUIERE_MITIGACION,ROLE_CONFIRMATION_REQUIRED,Clorfenapir,122453-73-0,"I, A",Riesgo acuático; Vida silvestre; Polinizadores,A-07-SCRL-B-FA,1.4,
MITIGATE_RISK,REQUIERE_MITIGACION,ROLE_CONFIRMATION_REQUIRED,Cloropicrina,76-06-2,Fum,EPP; Riesgo acuático; Vida silvestre; Espectador,A-07-SCRL-B-FA,1.4,
MITIGATE_RISK,REQUIERE_MITIGACION,ROLE_CONFIRMATION_REQUIRED,Clozolinato,84332-86-5,Fun,EPP; Riesgo acuático,A-07-SCRL-B-FA,1.4,
MITIGATE_RISK,REQUIERE_MITIGACION,ROLE_CONFIRMATION_REQUIRED,Hidróxido de cobre,20427-59-2,Fun,EPP; Vida silvestre,A-07-SCRL-B-FA,1.4,
MITIGATE_RISK,REQUIERE_MITIGACION,ROLE_CONFIRMATION_REQUIRED,Óxido de cobre (ic),1317-38-0,Fun,Riesgo acuático,A-07-SCRL-B-FA,1.4,
MITIGATE_RISK,REQUIERE_MITIGACION,ROLE_CONFIRMATION_REQUIRED,Óxido de cobre (ous),1317-39-1,Fun,Polinizadores,A-07-SCRL-B-FA,1.4,
MITIGATE_RISK,REQUIERE_MITIGACION,ROLE_CONFIRMATION_REQUIRED,Oxicloruro de cobre,1332-40-7,Fun,EPP; Vida silvestre; Polinizadores,A-07-SCRL-B-FA,1.4,
MITIGATE_RISK,REQUIERE_MITIGACION,ROLE_CONFIRMATION_REQUIRED,Sulfato de oxicloruro de cobre,8012-69-9,Fun,EPP; Polinizadores,A-07-SCRL-B-FA,1.4,
MITIGATE_RISK,REQUIERE_MITIGACION,ROLE_CONFIRMATION_REQUIRED,Sulfato de cobre (anhidro),7758-98-7,Fun,Riesgo acuático,A-07-SCRL-B-FA,1.4,
MITIGATE_RISK,REQUIERE_MITIGACION,ROLE_CONFIRMATION_REQUIRED,Sulfato de cobre (pentahidratado),7758-99-8,"I, A",EPP; Riesgo acuático; Vida silvestre; Polinizadores,A-07-SCRL-B-FA,1.4,
MITIGATE_RISK,REQUIERE_MITIGACION,ROLE_CONFIRMATION_REQUIRED,Extractos de la raíz de las plantas conocidas como cube o k-bo (Lonchocarpus),,,EPP; Espectador,A-07-SCRL-B-FA,1.4,
MITIGATE_RISK,REQUIERE_MITIGACION,ROLE_CONFIRMATION_REQUIRED,Cianazina,21725-46-2,H,EPP; Vida silvestre,A-07-SCRL-B-FA,1.4,
MITIGATE_RISK,REQUIERE_MITIGACION,ROLE_CONFIRMATION_REQUIRED,Cicloato,1134-23-2,H,EPP; Polinizadores; Espectador,A-07-SCRL-B-FA,1.4,
MITIGATE_RISK,REQUIERE_MITIGACION,ROLE_CONFIRMATION_REQUIRED,Cihalotrina,68085-85-8,"I, A",EPP; Riesgo acuático; Polinizadores,A-07-SCRL-B-FA,1.4,
MITIGATE_RISK,REQUIERE_MITIGACION,ROLE_CONFIRMATION_REQUIRED,"Cihalotrina, gamma",76703-62-3,"I, A",EPP; Riesgo acuático,A-07-SCRL-B-FA,1.4,
MITIGATE_RISK,REQUIERE_MITIGACION,ROLE_CONFIRMATION_REQUIRED,"Cihalotrina, lambda",91465-08-6,"I, A",EPP; Riesgo acuático; Polinizadores,A-07-SCRL-B-FA,1.4,
MITIGATE_RISK,REQUIERE_MITIGACION,ROLE_CONFIRMATION_REQUIRED,"Cipermetrina, alfa",67375-30-8,"I, A",EPP; Riesgo acuático; Polinizadores,A-07-SCRL-B-FA,1.4,
MITIGATE_RISK,REQUIERE_MITIGACION,ROLE_CONFIRMATION_REQUIRED,"Cipermetrina, beta",65731-84-2,"I, A",EPP; Riesgo acuático; Polinizadores,A-07-SCRL-B-FA,1.4,
MITIGATE_RISK,REQUIERE_MITIGACION,ROLE_CONFIRMATION_REQUIRED,Dazomet,533-74-4,Fum,EPP; Riesgo acuático; Vida silvestre; Polinizadores,A-07-SCRL-B-FA,1.4,
MITIGATE_RISK,REQUIERE_MITIGACION,ROLE_CONFIRMATION_REQUIRED,Deltametrina,52918-63-5,"I, A",EPP; Riesgo acuático; Polinizadores,A-07-SCRL-B-FA,1.4,
MITIGATE_RISK,REQUIERE_MITIGACION,ROLE_CONFIRMATION_REQUIRED,Diazinón,333-41-5,"I, A",EPP; Riesgo acuático; Vida silvestre; Polinizadores; Espectador,A-07-SCRL-B-FA,1.4,
MITIGATE_RISK,REQUIERE_MITIGACION,ROLE_CONFIRMATION_REQUIRED,Diclobenilo,1194-65-6,H,EPP; Vida silvestre,A-07-SCRL-B-FA,1.4,
MITIGATE_RISK,REQUIERE_MITIGACION,ROLE_CONFIRMATION_REQUIRED,Diclorán,99-30-9,Fun,EPP; Vida silvestre; Espectador,A-07-SCRL-B-FA,1.4,
MITIGATE_RISK,REQUIERE_MITIGACION,ROLE_CONFIRMATION_REQUIRED,Diclofop-metil,51338-27-3,H,EPP; Vida silvestre,A-07-SCRL-B-FA,1.4,
MITIGATE_RISK,REQUIERE_MITIGACION,ROLE_CONFIRMATION_REQUIRED,Sulfato de metilo de difenzoquat,43222-48-6,H,EPP; Vida silvestre,A-07-SCRL-B-FA,1.4,
MITIGATE_RISK,REQUIERE_MITIGACION,ROLE_CONFIRMATION_REQUIRED,Diflubenzurón,35367-38-5,"I, A",EPP; Riesgo acuático; Vida silvestre,A-07-SCRL-B-FA,1.4,
MITIGATE_RISK,REQUIERE_MITIGACION,ROLE_CONFIRMATION_REQUIRED,Dimetenamida,87674-68-8,H,Riesgo acuático,A-07-SCRL-B-FA,1.4,
MITIGATE_RISK,REQUIERE_MITIGACION,ROLE_CONFIRMATION_REQUIRED,Dimetenamida-P,163515-14-8,H,Riesgo acuático,A-07-SCRL-B-FA,1.4,
MITIGATE_RISK,REQUIERE_MITIGACION,ROLE_CONFIRMATION_REQUIRED,Dimetoato,60-51-5,"I, A",EPP; Riesgo acuático; Vida silvestre; Polinizadores; Espectador,A-07-SCRL-B-FA,1.4,
MITIGATE_RISK,REQUIERE_MITIGACION,ROLE_CONFIRMATION_REQUIRED,Dinotefurano,165252-70-0,"I, A",Riesgo acuático; Polinizadores,A-07-SCRL-B-FA,1.4,
MITIGATE_RISK,REQUIERE_MITIGACION,ROLE_CONFIRMATION_REQUIRED,Dibromuro de diquat,85-00-7,H,EPP; Vida silvestre; Espectador,A-07-SCRL-B-FA,1.4,
MITIGATE_RISK,REQUIERE_MITIGACION,ROLE_CONFIRMATION_REQUIRED,Ión diquat,2764-72-9,H,EPP; Vida silvestre,A-07-SCRL-B-FA,1.4,
MITIGATE_RISK,REQUIERE_MITIGACION,ROLE_CONFIRMATION_REQUIRED,Diurón,330-54-1,H,EPP; Vida silvestre,A-07-SCRL-B-FA,1.4,
MITIGATE_RISK,REQUIERE_MITIGACION,ROLE_CONFIRMATION_REQUIRED,Dodina,2439-10-3,Fun,EPP; Riesgo acuático; Vida silvestre; Polinizadores,A-07-SCRL-B-FA,1.4,
MITIGATE_RISK,REQUIERE_MITIGACION,ROLE_CONFIRMATION_REQUIRED,D-trans Aletrina (Bioaletrina),584-79-2,"I, A",EPP; Espectador,A-07-SCRL-B-FA,1.4,
MITIGATE_RISK,REQUIERE_MITIGACION,ROLE_CONFIRMATION_REQUIRED,Benzoato de emamectina,137512-74-4,"I, A",EPP; Riesgo acuático; Polinizadores,A-07-SCRL-B-FA,1.4,
MITIGATE_RISK,REQUIERE_MITIGACION,ROLE_CONFIRMATION_REQUIRED,EPTC,759-94-4,H,EPP; Vida silvestre; Polinizadores; Espectador,A-07-SCRL-B-FA,1.4,
MITIGATE_RISK,REQUIERE_MITIGACION,ROLE_CONFIRMATION_REQUIRED,Esfenvalerato,66230-04-4,"I, A",EPP; Riesgo acuático; Polinizadores,A-07-SCRL-B-FA,1.4,
MITIGATE_RISK,REQUIERE_MITIGACION,ROLE_CONFIRMATION_REQUIRED,Etalfluralina,55283-68-6,H,EPP; Riesgo acuático,A-07-SCRL-B-FA,1.4,
MITIGATE_RISK,REQUIERE_MITIGACION,ROLE_CONFIRMATION_REQUIRED,Etión,563-12-2,"I, A",EPP; Riesgo acuático; Vida silvestre; Polinizadores; Espectador,A-07-SCRL-B-FA,1.4,
MITIGATE_RISK,REQUIERE_MITIGACION,ROLE_CONFIRMATION_REQUIRED,Etoxazol,153233-91-1,"I, A",Riesgo acuático,A-07-SCRL-B-FA,1.4,
MITIGATE_RISK,REQUIERE_MITIGACION,ROLE_CONFIRMATION_REQUIRED,Famoxadona,131807-57-3,Fun,Riesgo acuático; Vida silvestre,A-07-SCRL-B-FA,1.4,
MITIGATE_RISK,REQUIERE_MITIGACION,ROLE_CONFIRMATION_REQUIRED,Fenbutatina-óxido,13356-08-6,"I, A",EPP; Riesgo acuático; Vida silvestre,A-07-SCRL-B-FA,1.4,
MITIGATE_RISK,REQUIERE_MITIGACION,ROLE_CONFIRMATION_REQUIRED,Fenitrotión,122-14-5,"I, A",EPP; Vida silvestre,A-07-SCRL-B-FA,1.4,
MITIGATE_RISK,REQUIERE_MITIGACION,ROLE_CONFIRMATION_REQUIRED,Fenoxicarb,79127-80-3,"I, A",Riesgo acuático,A-07-SCRL-B-FA,1.4,
MITIGATE_RISK,REQUIERE_MITIGACION,ROLE_CONFIRMATION_REQUIRED,Fenoxicarb,72490-01-8,"I, A",Riesgo acuático,A-07-SCRL-B-FA,1.4,
MITIGATE_RISK,REQUIERE_MITIGACION,ROLE_CONFIRMATION_REQUIRED,Fenpropatrina,39515-41-8,"I, A",EPP; Riesgo acuático; Vida silvestre; Polinizadores,A-07-SCRL-B-FA,1.4,
MITIGATE_RISK,REQUIERE_MITIGACION,ROLE_CONFIRMATION_REQUIRED,Fenpiroximato,134098-61-6,"I, A",EPP; Riesgo acuático; Vida silvestre,A-07-SCRL-B-FA,1.4,
MITIGATE_RISK,REQUIERE_MITIGACION,ROLE_CONFIRMATION_REQUIRED,Fenvalerato,51630-58-1,"I, A",EPP; Riesgo acuático; Polinizadores,A-07-SCRL-B-FA,1.4,
MITIGATE_RISK,REQUIERE_MITIGACION,ROLE_CONFIRMATION_REQUIRED,Ferbam,14484-64-1,Fun,EPP; Riesgo acuático; Polinizadores; Espectador,A-07-SCRL-B-FA,1.4,
MITIGATE_RISK,REQUIERE_MITIGACION,ROLE_CONFIRMATION_REQUIRED,Fluazinam,79622-59-6,Fun,EPP; Polinizadores; Espectador,A-07-SCRL-B-FA,1.4,
MITIGATE_RISK,REQUIERE_MITIGACION,ROLE_CONFIRMATION_REQUIRED,Flufenacet,142459-58-3,H,EPP; Riesgo acuático,A-07-SCRL-B-FA,1.4,
MITIGATE_RISK,REQUIERE_MITIGACION,ROLE_CONFIRMATION_REQUIRED,Flumioxazina,103361-09-7,H,EPP; Riesgo acuático,A-07-SCRL-B-FA,1.4,
MITIGATE_RISK,REQUIERE_MITIGACION,ROLE_CONFIRMATION_REQUIRED,Fluopiram,658066-35-4,Fun,Vida silvestre,A-07-SCRL-B-FA,1.4,
MITIGATE_RISK,REQUIERE_MITIGACION,ROLE_CONFIRMATION_REQUIRED,Flupiradifurona,951659-40-8,"I, A",Polinizadores,A-07-SCRL-B-FA,1.4,
MITIGATE_RISK,REQUIERE_MITIGACION,ROLE_CONFIRMATION_REQUIRED,Folpet,133-07-3,Fun,EPP; Riesgo acuático,A-07-SCRL-B-FA,1.4,
MITIGATE_RISK,REQUIERE_MITIGACION,ROLE_CONFIRMATION_REQUIRED,Fomesafeno sódico,108731-70-0,H,EPP; Espectador,A-07-SCRL-B-FA,1.4,
MITIGATE_RISK,REQUIERE_MITIGACION,ROLE_CONFIRMATION_REQUIRED,Clorhidrato de formetanato,23422-53-9,"I, A",EPP; Riesgo acuático; Vida silvestre; Polinizadores,A-07-SCRL-B-FA,1.4,
MITIGATE_RISK,REQUIERE_MITIGACION,ROLE_CONFIRMATION_REQUIRED,"Glifosato, sal de isopropilamina",38641-94-0,H,Vida silvestre,A-07-SCRL-B-FA,1.4,
MITIGATE_RISK,REQUIERE_MITIGACION,ROLE_CONFIRMATION_REQUIRED,Glifosato-trimesio,81591-81-3,H,Vida silvestre,A-07-SCRL-B-FA,1.4,
MITIGATE_RISK,REQUIERE_MITIGACION,ROLE_CONFIRMATION_REQUIRED,Haloxifop-P,95977-29-0,H,EPP; Riesgo acuático; Polinizadores; Espectador,A-07-SCRL-B-FA,1.4,
MITIGATE_RISK,REQUIERE_MITIGACION,ROLE_CONFIRMATION_REQUIRED,Hexazinona,51235-04-2,H,EPP; Riesgo acuático; Vida silvestre,A-07-SCRL-B-FA,1.4,
MITIGATE_RISK,REQUIERE_MITIGACION,ROLE_CONFIRMATION_REQUIRED,"Indoxacarb, S-isómero",173584-44-6,"I, A",Polinizadores,A-07-SCRL-B-FA,1.4,
MITIGATE_RISK,REQUIERE_MITIGACION,ROLE_CONFIRMATION_REQUIRED,"Yodosulfurón metilo, sal de sodio",144550-36-7,H,Riesgo acuático,A-07-SCRL-B-FA,1.4,
MITIGATE_RISK,REQUIERE_MITIGACION,ROLE_CONFIRMATION_REQUIRED,Isoxabeno,82558-50-7,H,Vida silvestre,A-07-SCRL-B-FA,1.4,
MITIGATE_RISK,REQUIERE_MITIGACION,ROLE_CONFIRMATION_REQUIRED,Lenacil,2164-08-1,H,Riesgo acuático,A-07-SCRL-B-FA,1.4,
MITIGATE_RISK,REQUIERE_MITIGACION,ROLE_CONFIRMATION_REQUIRED,Cal-azufre,1344-81-6,"I, A",EPP; Vida silvestre,A-07-SCRL-B-FA,1.4,
MITIGATE_RISK,REQUIERE_MITIGACION,ROLE_CONFIRMATION_REQUIRED,Lufenurón,103055-07-8,"I, A",Riesgo acuático; Polinizadores,A-07-SCRL-B-FA,1.4,
MITIGATE_RISK,REQUIERE_MITIGACION,ROLE_CONFIRMATION_REQUIRED,Malatión,121-75-5,"I, A",EPP; Polinizadores,A-07-SCRL-B-FA,1.4,
MITIGATE_RISK,REQUIERE_MITIGACION,ROLE_CONFIRMATION_REQUIRED,Hidrazida maléica,123-33-1,H,Polinizadores; Espectador,A-07-SCRL-B-FA,1.4,
MITIGATE_RISK,REQUIERE_MITIGACION,ROLE_CONFIRMATION_REQUIRED,"Hidrazida maleica, sal de potasio",28382-15-2,H,Polinizadores; Espectador,A-07-SCRL-B-FA,1.4,
MITIGATE_RISK,REQUIERE_MITIGACION,ROLE_CONFIRMATION_REQUIRED,Maneb,12427-38-2,Fun,EPP; Vida silvestre; Polinizadores; Espectador,A-07-SCRL-B-FA,1.4,
MITIGATE_RISK,REQUIERE_MITIGACION,ROLE_CONFIRMATION_REQUIRED,"MCPA, éster 2-etilhexílico",29450-45-1,H,EPP; Riesgo acuático,A-07-SCRL-B-FA,1.4,
MITIGATE_RISK,REQUIERE_MITIGACION,ROLE_CONFIRMATION_REQUIRED,"MCPA, éster isooctilo",26544-20-7,H,EPP; Riesgo acuático,A-07-SCRL-B-FA,1.4,
MITIGATE_RISK,REQUIERE_MITIGACION,ROLE_CONFIRMATION_REQUIRED,Metalaxilo,57837-19-1,Fun,EPP; Vida silvestre,A-07-SCRL-B-FA,1.4,
MITIGATE_RISK,REQUIERE_MITIGACION,ROLE_CONFIRMATION_REQUIRED,Metam,144-54-7,Fum,EPP; Riesgo acuático; Vida silvestre,A-07-SCRL-B-FA,1.4,
MITIGATE_RISK,REQUIERE_MITIGACION,ROLE_CONFIRMATION_REQUIRED,Metam potasio,137-41-7,Fum,EPP; Riesgo acuático; Vida silvestre,A-07-SCRL-B-FA,1.4,
MITIGATE_RISK,REQUIERE_MITIGACION,ROLE_CONFIRMATION_REQUIRED,Metam-sodio,137-42-8,Fum,EPP; Riesgo acuático; Vida silvestre,A-07-SCRL-B-FA,1.4,
MITIGATE_RISK,REQUIERE_MITIGACION,ROLE_CONFIRMATION_REQUIRED,Metconazol,125116-23-6,Fun,Vida silvestre,A-07-SCRL-B-FA,1.4,
MITIGATE_RISK,REQUIERE_MITIGACION,ROLE_CONFIRMATION_REQUIRED,Metopreno,40596-69-8,"I, A",Riesgo acuático; Vida silvestre,A-07-SCRL-B-FA,1.4,
MITIGATE_RISK,REQUIERE_MITIGACION,ROLE_CONFIRMATION_REQUIRED,Yoduro de metilo,74-88-4,Fum,EPP; Riesgo acuático; Vida silvestre; Espectador,A-07-SCRL-B-FA,1.4,
MITIGATE_RISK,REQUIERE_MITIGACION,ROLE_CONFIRMATION_REQUIRED,Isotiocianato de metilo,556-61-6,"I, A",EPP; Riesgo acuático; Espectador,A-07-SCRL-B-FA,1.4,
MITIGATE_RISK,REQUIERE_MITIGACION,ROLE_CONFIRMATION_REQUIRED,Metiram,9006-42-2,Fun,EPP; Vida silvestre; Espectador,A-07-SCRL-B-FA,1.4,
MITIGATE_RISK,REQUIERE_MITIGACION,ROLE_CONFIRMATION_REQUIRED,Metolacloro,51218-45-2,H,EPP; Vida silvestre,A-07-SCRL-B-FA,1.4,
MITIGATE_RISK,REQUIERE_MITIGACION,ROLE_CONFIRMATION_REQUIRED,"Metolacloro, (S)",87392-12-9,H,EPP; Riesgo acuático,A-07-SCRL-B-FA,1.4,
MITIGATE_RISK,REQUIERE_MITIGACION,ROLE_CONFIRMATION_REQUIRED,Metribuzín,21087-64-9,H,EPP; Vida silvestre,A-07-SCRL-B-FA,1.4,
MITIGATE_RISK,REQUIERE_MITIGACION,ROLE_CONFIRMATION_REQUIRED,"Aceite mineral, refinado",8042-47-5,"I, A",Riesgo acuático,A-07-SCRL-B-FA,1.4,
MITIGATE_RISK,REQUIERE_MITIGACION,ROLE_CONFIRMATION_REQUIRED,Monolinurón,1746-81-2,H,Riesgo acuático,A-07-SCRL-B-FA,1.4,
MITIGATE_RISK,REQUIERE_MITIGACION,ROLE_CONFIRMATION_REQUIRED,Miclobutanilo,88671-89-0,Fun,EPP; Vida silvestre,A-07-SCRL-B-FA,1.4,
MITIGATE_RISK,REQUIERE_MITIGACION,ROLE_CONFIRMATION_REQUIRED,Naled,300-76-5,"I, A",EPP; Riesgo acuático; Vida silvestre; Polinizadores; Espectador,A-07-SCRL-B-FA,1.4,
MITIGATE_RISK,REQUIERE_MITIGACION,ROLE_CONFIRMATION_REQUIRED,Napropamida,15299-99-7,H,EPP; Vida silvestre,A-07-SCRL-B-FA,1.4,
MITIGATE_RISK,REQUIERE_MITIGACION,ROLE_CONFIRMATION_REQUIRED,Norflurazón,27314-13-2,H,Riesgo acuático; Vida silvestre,A-07-SCRL-B-FA,1.4,
MITIGATE_RISK,REQUIERE_MITIGACION,ROLE_CONFIRMATION_REQUIRED,Novalurón,116714-46-6,"I, A",Riesgo acuático,A-07-SCRL-B-FA,1.4,
MITIGATE_RISK,REQUIERE_MITIGACION,ROLE_CONFIRMATION_REQUIRED,Orizalin,19044-88-3,H,EPP; Riesgo acuático; Vida silvestre,A-07-SCRL-B-FA,1.4,
MITIGATE_RISK,REQUIERE_MITIGACION,ROLE_CONFIRMATION_REQUIRED,Oxadiazon,19666-30-9,H,EPP; Riesgo acuático; Vida silvestre,A-07-SCRL-B-FA,1.4,
MITIGATE_RISK,REQUIERE_MITIGACION,ROLE_CONFIRMATION_REQUIRED,Oxicarboxin,5259-88-1,Fun,Polinizadores,A-07-SCRL-B-FA,1.4,
MITIGATE_RISK,REQUIERE_MITIGACION,ROLE_CONFIRMATION_REQUIRED,Oxifluorfeno,42874-03-3,H,EPP; Riesgo acuático; Vida silvestre,A-07-SCRL-B-FA,1.4,
MITIGATE_RISK,REQUIERE_MITIGACION,ROLE_CONFIRMATION_REQUIRED,Oxitioquinox; quinometionato,2439-01-2,"Fun, A",EPP; Riesgo acuático; Vida silvestre,A-07-SCRL-B-FA,1.4,
MITIGATE_RISK,REQUIERE_MITIGACION,ROLE_CONFIRMATION_REQUIRED,PCNB (Quintoceno),82-68-8,Fun,EPP; Riesgo acuático; Polinizadores; Espectador,A-07-SCRL-B-FA,1.4,
MITIGATE_RISK,REQUIERE_MITIGACION,ROLE_CONFIRMATION_REQUIRED,Pendimetalina,40487-42-1,H,Vida silvestre,A-07-SCRL-B-FA,1.4,
MITIGATE_RISK,REQUIERE_MITIGACION,ROLE_CONFIRMATION_REQUIRED,Permetrina,52645-53-1,"I, A",EPP; Riesgo acuático; Vida silvestre; Polinizadores,A-07-SCRL-B-FA,1.4,
MITIGATE_RISK,REQUIERE_MITIGACION,ROLE_CONFIRMATION_REQUIRED,Fosalona,2310-17-0,"I, A",EPP; Riesgo acuático; Vida silvestre,A-07-SCRL-B-FA,1.4,
MITIGATE_RISK,REQUIERE_MITIGACION,ROLE_CONFIRMATION_REQUIRED,Fosmet,732-11-6,"I, A",EPP; Riesgo acuático; Vida silvestre; Polinizadores,A-07-SCRL-B-FA,1.4,
MITIGATE_RISK,REQUIERE_MITIGACION,ROLE_CONFIRMATION_REQUIRED,Pirimicarb,23103-98-2,"I, A",EPP; Riesgo acuático; Vida silvestre; Polinizadores,A-07-SCRL-B-FA,1.4,
MITIGATE_RISK,REQUIERE_MITIGACION,ROLE_CONFIRMATION_REQUIRED,Pirimifós metilo,29232-93-7,"I, A",EPP; Riesgo acuático; Vida silvestre; Polinizadores; Espectador,A-07-SCRL-B-FA,1.4,
MITIGATE_RISK,REQUIERE_MITIGACION,ROLE_CONFIRMATION_REQUIRED,Profenofós,41198-08-7,"I, A",EPP; Riesgo acuático; Vida silvestre; Polinizadores; Espectador,A-07-SCRL-B-FA,1.4,
MITIGATE_RISK,REQUIERE_MITIGACION,ROLE_CONFIRMATION_REQUIRED,Prometerina,7287-19-6,H,EPP; Riesgo acuático; Vida silvestre,A-07-SCRL-B-FA,1.4,
MITIGATE_RISK,REQUIERE_MITIGACION,ROLE_CONFIRMATION_REQUIRED,Clorhidrato de propamocarb,25606-41-1,Fun,EPP; Polinizadores,A-07-SCRL-B-FA,1.4,
MITIGATE_RISK,REQUIERE_MITIGACION,ROLE_CONFIRMATION_REQUIRED,Propanilo,709-98-8,H,EPP; Riesgo acuático; Vida silvestre,A-07-SCRL-B-FA,1.4,
MITIGATE_RISK,REQUIERE_MITIGACION,ROLE_CONFIRMATION_REQUIRED,Propargita,2312-35-8,"I, A",EPP; Vida silvestre,A-07-SCRL-B-FA,1.4,
MITIGATE_RISK,REQUIERE_MITIGACION,ROLE_CONFIRMATION_REQUIRED,Propoxur,114-26-1,"I, A",EPP; Riesgo acuático; Vida silvestre; Polinizadores; Espectador,A-07-SCRL-B-FA,1.4,
MITIGATE_RISK,REQUIERE_MITIGACION,ROLE_CONFIRMATION_REQUIRED,Prosulfurón,94125-34-5,H,Riesgo acuático,A-07-SCRL-B-FA,1.4,
MITIGATE_RISK,REQUIERE_MITIGACION,ROLE_CONFIRMATION_REQUIRED,Piraclostrobina,175013-18-0,Fun,EPP; Riesgo acuático,A-07-SCRL-B-FA,1.4,
MITIGATE_RISK,REQUIERE_MITIGACION,ROLE_CONFIRMATION_REQUIRED,Pirazofós,13457-18-6,Fun,Riesgo acuático; Vida silvestre; Polinizadores,A-07-SCRL-B-FA,1.4,
MITIGATE_RISK,REQUIERE_MITIGACION,ROLE_CONFIRMATION_REQUIRED,Piretrinas,8003-34-7,"I, A",EPP; Polinizadores,A-07-SCRL-B-FA,1.4,
MITIGATE_RISK,REQUIERE_MITIGACION,ROLE_CONFIRMATION_REQUIRED,Piridabén,96489-71-3,"I, A",EPP; Riesgo acuático; Polinizadores,A-07-SCRL-B-FA,1.4,
MITIGATE_RISK,REQUIERE_MITIGACION,ROLE_CONFIRMATION_REQUIRED,Piridalilo,179101-81-6,"I, A",Riesgo acuático,A-07-SCRL-B-FA,1.4,
MITIGATE_RISK,REQUIERE_MITIGACION,ROLE_CONFIRMATION_REQUIRED,Resmetrina,10453-86-8,"I, A",Riesgo acuático; Vida silvestre; Polinizadores,A-07-SCRL-B-FA,1.4,
MITIGATE_RISK,REQUIERE_MITIGACION,ROLE_CONFIRMATION_REQUIRED,Rotenona,83-79-4,"I, A",EPP; Polinizadores; Espectador,A-07-SCRL-B-FA,1.4,
MITIGATE_RISK,REQUIERE_MITIGACION,ROLE_CONFIRMATION_REQUIRED,S-Dimetenamida,163515-14-8,H,EPP; Riesgo acuático,A-07-SCRL-B-FA,1.4,
MITIGATE_RISK,REQUIERE_MITIGACION,ROLE_CONFIRMATION_REQUIRED,Simazina,122-34-9,H,Vida silvestre,A-07-SCRL-B-FA,1.4,
MITIGATE_RISK,REQUIERE_MITIGACION,ROLE_CONFIRMATION_REQUIRED,Clorato de sodio,7775-09-9,H,Vida silvestre,A-07-SCRL-B-FA,1.4,
MITIGATE_RISK,REQUIERE_MITIGACION,ROLE_CONFIRMATION_REQUIRED,Tetratiocarbonato de sodio,7345-69-9,Fun,EPP; Vida silvestre,A-07-SCRL-B-FA,1.4,
MITIGATE_RISK,REQUIERE_MITIGACION,ROLE_CONFIRMATION_REQUIRED,Espinetoram (XDE-175-J),187166-40-1,"I, A",Polinizadores,A-07-SCRL-B-FA,1.4,
MITIGATE_RISK,REQUIERE_MITIGACION,ROLE_CONFIRMATION_REQUIRED,Spinosad (mezcla de Factores A y D),131929-60-7,"I, A",Polinizadores,A-07-SCRL-B-FA,1.4,
MITIGATE_RISK,REQUIERE_MITIGACION,ROLE_CONFIRMATION_REQUIRED,Spinosad (mezcla de Factores A y D),168316-95-8,"I, A",Polinizadores,A-07-SCRL-B-FA,1.4,
MITIGATE_RISK,REQUIERE_MITIGACION,ROLE_CONFIRMATION_REQUIRED,Sulfentrazona,122836-35-5,H,EPP; Vida silvestre,A-07-SCRL-B-FA,1.4,
MITIGATE_RISK,REQUIERE_MITIGACION,ROLE_CONFIRMATION_REQUIRED,Tecnaceno,117-18-0,Fun,EPP; Riesgo acuático; Vida silvestre; Polinizadores,A-07-SCRL-B-FA,1.4,
MITIGATE_RISK,REQUIERE_MITIGACION,ROLE_CONFIRMATION_REQUIRED,Teflubenzurón,83121-18-0,"I, A",Riesgo acuático,A-07-SCRL-B-FA,1.4,
MITIGATE_RISK,REQUIERE_MITIGACION,ROLE_CONFIRMATION_REQUIRED,Terrazol; etridiazol,2593-15-9,Fun,EPP; Vida silvestre; Espectador,A-07-SCRL-B-FA,1.4,
MITIGATE_RISK,REQUIERE_MITIGACION,ROLE_CONFIRMATION_REQUIRED,"Tetraclorvinfos, isómero Z",22248-79-9,"I, A",EPP; Riesgo acuático; Vida silvestre; Polinizadores,A-07-SCRL-B-FA,1.4,
MITIGATE_RISK,REQUIERE_MITIGACION,ROLE_CONFIRMATION_REQUIRED,Tetraconazol,112281-77-3,Fun,Vida silvestre,A-07-SCRL-B-FA,1.4,
MITIGATE_RISK,REQUIERE_MITIGACION,ROLE_CONFIRMATION_REQUIRED,Tiabendazol,148-79-8,Fun,Riesgo acuático; Vida silvestre; Polinizadores,A-07-SCRL-B-FA,1.4,
MITIGATE_RISK,REQUIERE_MITIGACION,ROLE_CONFIRMATION_REQUIRED,Tiobencarb,28249-77-6,H,EPP; Riesgo acuático; Vida silvestre,A-07-SCRL-B-FA,1.4,
MITIGATE_RISK,REQUIERE_MITIGACION,ROLE_CONFIRMATION_REQUIRED,Tiodicarb,59669-26-0,M,EPP; Riesgo acuático; Vida silvestre; Polinizadores; Espectador,A-07-SCRL-B-FA,1.4,
MITIGATE_RISK,REQUIERE_MITIGACION,ROLE_CONFIRMATION_REQUIRED,Tiofanato-metilo,23564-05-8,Fun,EPP; Vida silvestre,A-07-SCRL-B-FA,1.4,
MITIGATE_RISK,REQUIERE_MITIGACION,ROLE_CONFIRMATION_REQUIRED,Tolfenpirad,129558-76-5,"I, A",EPP; Riesgo acuático,A-07-SCRL-B-FA,1.4,
MITIGATE_RISK,REQUIERE_MITIGACION,ROLE_CONFIRMATION_REQUIRED,Triallate,2303-17-5,H,EPP; Riesgo acuático; Vida silvestre,A-07-SCRL-B-FA,1.4,
MITIGATE_RISK,REQUIERE_MITIGACION,ROLE_CONFIRMATION_REQUIRED,Triazamato,112143-82-5,"I, A",Riesgo acuático; Vida silvestre,A-07-SCRL-B-FA,1.4,
MITIGATE_RISK,REQUIERE_MITIGACION,ROLE_CONFIRMATION_REQUIRED,"Triclopir, sal de trietilamina",57213-69-1,H,EPP; Vida silvestre,A-07-SCRL-B-FA,1.4,
MITIGATE_RISK,REQUIERE_MITIGACION,ROLE_CONFIRMATION_REQUIRED,Trifloxistrobina,141517-21-7,Fun,EPP; Riesgo acuático,A-07-SCRL-B-FA,1.4,
MITIGATE_RISK,REQUIERE_MITIGACION,ROLE_CONFIRMATION_REQUIRED,Triflumurón,64628-44-0,"I, A",Riesgo acuático; Vida silvestre; Polinizadores,A-07-SCRL-B-FA,1.4,
MITIGATE_RISK,REQUIERE_MITIGACION,ROLE_CONFIRMATION_REQUIRED,Trifluralina,1582-09-8,H,EPP; Vida silvestre,A-07-SCRL-B-FA,1.4,
MITIGATE_RISK,REQUIERE_MITIGACION,ROLE_CONFIRMATION_REQUIRED,Triforina,26644-46-2,Fun,Polinizadores,A-07-SCRL-B-FA,1.4,
MITIGATE_RISK,REQUIERE_MITIGACION,ROLE_CONFIRMATION_REQUIRED,Triticonazol,131983-72-7,Fun,Vida silvestre,A-07-SCRL-B-FA,1.4,
MITIGATE_RISK,REQUIERE_MITIGACION,ROLE_CONFIRMATION_REQUIRED,Zeta-cipermetrina,52315-07-8,"I, A",EPP; Riesgo acuático; Polinizadores,A-07-SCRL-B-FA,1.4,
MITIGATE_RISK,REQUIERE_MITIGACION,ROLE_CONFIRMATION_REQUIRED,Zineb,12122-67-7,Fun,EPP; Polinizadores,A-07-SCRL-B-FA,1.4,
MITIGATE_RISK,REQUIERE_MITIGACION,ROLE_CONFIRMATION_REQUIRED,Ziram,137-30-4,Fun,EPP; Riesgo acuático; Vida silvestre; Polinizadores,A-07-SCRL-B-FA,1.4,
